frame,method,status,backend,model_revision,calibration_revision,position_target_frame,orientation_target_frame,branch_id,solve_time_ms,message,arm_1_joint,arm_2_joint,arm_3_joint,arm_4_joint,arm_5_joint,arm_6_joint,arm_7_joint,wrist_center_position_error_mm,ee_orientation_error_deg,sew_angle_error_deg,joint_limit_margin_deg,grasping_frame_position_x_m,grasping_frame_position_y_m,grasping_frame_position_z_m,classification
0,tiago_sew,NUMERICAL_FAILURE,tiago_semi_analytic,c96a32d,median-body-4344-torso015-J1-root-v3,wrist_center,gripper_grasping_frame,,210.18999989610165,no exact or boundary-refined wrist branch met strict wrist-center/orientation/SEW tolerances,,,,,,,,,,,,,,,oracle_inconclusive
1,tiago_sew,NUMERICAL_FAILURE,tiago_semi_analytic,c96a32d,median-body-4344-torso015-J1-root-v3,wrist_center,gripper_grasping_frame,,190.91010000556707,no exact or boundary-refined wrist branch met strict wrist-center/orientation/SEW tolerances,,,,,,,,,,,,,,,oracle_inconclusive
2,tiago_sew,NUMERICAL_FAILURE,tiago_semi_analytic,c96a32d,median-body-4344-torso015-J1-root-v3,wrist_center,gripper_grasping_frame,,183.32419998478144,no exact or boundary-refined wrist branch met strict wrist-center/orientation/SEW tolerances,,,,,,,,,,,,,,,oracle_inconclusive
3,tiago_sew,NUMERICAL_FAILURE,tiago_semi_analytic,c96a32d,median-body-4344-torso015-J1-root-v3,wrist_center,gripper_grasping_frame,,180.80880003981292,no exact or boundary-refined wrist branch met strict wrist-center/orientation/SEW tolerances,,,,,,,,,,,,,,,oracle_inconclusive
4,tiago_sew,NUMERICAL_FAILURE,tiago_semi_analytic,c96a32d,median-body-4344-torso015-J1-root-v3,wrist_center,gripper_grasping_frame,,178.73060004785657,no exact or boundary-refined wrist branch met strict wrist-center/orientation/SEW tolerances,,,,,,,,,,,,,,,oracle_inconclusive
5,tiago_sew,NUMERICAL_FAILURE,tiago_semi_analytic,c96a32d,median-body-4344-torso015-J1-root-v3,wrist_center,gripper_grasping_frame,,184.96079999022186,no exact or boundary-refined wrist branch met strict wrist-center/orientation/SEW tolerances,,,,,,,,,,,,,,,oracle_inconclusive
6,tiago_sew,NUMERICAL_FAILURE,tiago_semi_analytic,c96a32d,median-body-4344-torso015-J1-root-v3,wrist_center,gripper_grasping_frame,,199.43949999287724,no exact or boundary-refined wrist branch met strict wrist-center/orientation/SEW tolerances,,,,,,,,,,,,,,,oracle_inconclusive
7,tiago_sew,NUMERICAL_FAILURE,tiago_semi_analytic,c96a32d,median-body-4344-torso015-J1-root-v3,wrist_center,gripper_grasping_frame,,214.85129999928176,no exact or boundary-refined wrist branch met strict wrist-center/orientation/SEW tolerances,,,,,,,,,,,,,,,oracle_inconclusive
8,tiago_sew,NUMERICAL_FAILURE,tiago_semi_analytic,c96a32d,median-body-4344-torso015-J1-root-v3,wrist_center,gripper_grasping_frame,,214.54640000592917,no exact or boundary-refined wrist branch met strict wrist-center/orientation/SEW tolerances,,,,,,,,,,,,,,,oracle_inconclusive
9,tiago_sew,NUMERICAL_FAILURE,tiago_semi_analytic,c96a32d,median-body-4344-torso015-J1-root-v3,wrist_center,gripper_grasping_frame,,215.2953000040725,no exact or boundary-refined wrist branch met strict wrist-center/orientation/SEW tolerances,,,,,,,,,,,,,,,oracle_inconclusive
10,tiago_sew,NUMERICAL_FAILURE,tiago_semi_analytic,c96a32d,median-body-4344-torso015-J1-root-v3,wrist_center,gripper_grasping_frame,,213.64019997417927,no exact or boundary-refined wrist branch met strict wrist-center/orientation/SEW tolerances,,,,,,,,,,,,,,,oracle_inconclusive
11,tiago_sew,NUMERICAL_FAILURE,tiago_semi_analytic,c96a32d,median-body-4344-torso015-J1-root-v3,wrist_center,gripper_grasping_frame,,212.90569996926934,no exact or boundary-refined wrist branch met strict wrist-center/orientation/SEW tolerances,,,,,,,,,,,,,,,oracle_inconclusive
12,tiago_sew,NUMERICAL_FAILURE,tiago_semi_analytic,c96a32d,median-body-4344-torso015-J1-root-v3,wrist_center,gripper_grasping_frame,,212.28740003425628,no exact or boundary-refined wrist branch met strict wrist-center/orientation/SEW tolerances,,,,,,,,,,,,,,,oracle_inconclusive
13,tiago_sew,NUMERICAL_FAILURE,tiago_semi_analytic,c96a32d,median-body-4344-torso015-J1-root-v3,wrist_center,gripper_grasping_frame,,208.9953999966383,no exact or boundary-refined wrist branch met strict wrist-center/orientation/SEW tolerances,,,,,,,,,,,,,,,oracle_inconclusive
14,tiago_sew,NUMERICAL_FAILURE,tiago_semi_analytic,c96a32d,median-body-4344-torso015-J1-root-v3,wrist_center,gripper_grasping_frame,,217.8305999841541,no exact or boundary-refined wrist branch met strict wrist-center/orientation/SEW tolerances,,,,,,,,,,,,,,,oracle_inconclusive
15,tiago_sew,NUMERICAL_FAILURE,tiago_semi_analytic,c96a32d,median-body-4344-torso015-J1-root-v3,wrist_center,gripper_grasping_frame,,216.70620003715158,no exact or boundary-refined wrist branch met strict wrist-center/orientation/SEW tolerances,,,,,,,,,,,,,,,oracle_inconclusive
16,tiago_sew,NUMERICAL_FAILURE,tiago_semi_analytic,c96a32d,median-body-4344-torso015-J1-root-v3,wrist_center,gripper_grasping_frame,,220.0286000734195,no exact or boundary-refined wrist branch met strict wrist-center/orientation/SEW tolerances,,,,,,,,,,,,,,,oracle_inconclusive
17,tiago_sew,NUMERICAL_FAILURE,tiago_semi_analytic,c96a32d,median-body-4344-torso015-J1-root-v3,wrist_center,gripper_grasping_frame,,204.9036999233067,no exact or boundary-refined wrist branch met strict wrist-center/orientation/SEW tolerances,,,,,,,,,,,,,,,oracle_inconclusive
18,tiago_sew,NUMERICAL_FAILURE,tiago_semi_analytic,c96a32d,median-body-4344-torso015-J1-root-v3,wrist_center,gripper_grasping_frame,,207.468600012362,no exact or boundary-refined wrist branch met strict wrist-center/orientation/SEW tolerances,,,,,,,,,,,,,,,oracle_inconclusive
19,tiago_sew,NUMERICAL_FAILURE,tiago_semi_analytic,c96a32d,median-body-4344-torso015-J1-root-v3,wrist_center,gripper_grasping_frame,,275.13760002329946,no exact or boundary-refined wrist branch met strict wrist-center/orientation/SEW tolerances,,,,,,,,,,,,,,,oracle_inconclusive
20,tiago_sew,NUMERICAL_FAILURE,tiago_semi_analytic,c96a32d,median-body-4344-torso015-J1-root-v3,wrist_center,gripper_grasping_frame,,214.70630005933344,no exact or boundary-refined wrist branch met strict wrist-center/orientation/SEW tolerances,,,,,,,,,,,,,,,oracle_inconclusive
21,tiago_sew,NUMERICAL_FAILURE,tiago_semi_analytic,c96a32d,median-body-4344-torso015-J1-root-v3,wrist_center,gripper_grasping_frame,,212.5582000007853,no exact or boundary-refined wrist branch met strict wrist-center/orientation/SEW tolerances,,,,,,,,,,,,,,,oracle_inconclusive
22,tiago_sew,NUMERICAL_FAILURE,tiago_semi_analytic,c96a32d,median-body-4344-torso015-J1-root-v3,wrist_center,gripper_grasping_frame,,262.9423999460414,no exact or boundary-refined wrist branch met strict wrist-center/orientation/SEW tolerances,,,,,,,,,,,,,,,oracle_inconclusive
23,tiago_sew,NUMERICAL_FAILURE,tiago_semi_analytic,c96a32d,median-body-4344-torso015-J1-root-v3,wrist_center,gripper_grasping_frame,,209.82650003861636,no exact or boundary-refined wrist branch met strict wrist-center/orientation/SEW tolerances,,,,,,,,,,,,,,,oracle_inconclusive
24,tiago_sew,NUMERICAL_FAILURE,tiago_semi_analytic,c96a32d,median-body-4344-torso015-J1-root-v3,wrist_center,gripper_grasping_frame,,204.7194999177009,no exact or boundary-refined wrist branch met strict wrist-center/orientation/SEW tolerances,,,,,,,,,,,,,,,oracle_inconclusive
25,tiago_sew,NUMERICAL_FAILURE,tiago_semi_analytic,c96a32d,median-body-4344-torso015-J1-root-v3,wrist_center,gripper_grasping_frame,,230.50960002001375,no exact or boundary-refined wrist branch met strict wrist-center/orientation/SEW tolerances,,,,,,,,,,,,,,,oracle_inconclusive
26,tiago_sew,NUMERICAL_FAILURE,tiago_semi_analytic,c96a32d,median-body-4344-torso015-J1-root-v3,wrist_center,gripper_grasping_frame,,197.47260003350675,no exact or boundary-refined wrist branch met strict wrist-center/orientation/SEW tolerances,,,,,,,,,,,,,,,oracle_inconclusive
27,tiago_sew,NUMERICAL_FAILURE,tiago_semi_analytic,c96a32d,median-body-4344-torso015-J1-root-v3,wrist_center,gripper_grasping_frame,,201.0156000033021,no exact or boundary-refined wrist branch met strict wrist-center/orientation/SEW tolerances,,,,,,,,,,,,,,,oracle_inconclusive
28,tiago_sew,NUMERICAL_FAILURE,tiago_semi_analytic,c96a32d,median-body-4344-torso015-J1-root-v3,wrist_center,gripper_grasping_frame,,204.91289999336004,no exact or boundary-refined wrist branch met strict wrist-center/orientation/SEW tolerances,,,,,,,,,,,,,,,oracle_inconclusive
29,tiago_sew,NUMERICAL_FAILURE,tiago_semi_analytic,c96a32d,median-body-4344-torso015-J1-root-v3,wrist_center,gripper_grasping_frame,,199.48579999618232,no exact or boundary-refined wrist branch met strict wrist-center/orientation/SEW tolerances,,,,,,,,,,,,,,,oracle_inconclusive
30,tiago_sew,NUMERICAL_FAILURE,tiago_semi_analytic,c96a32d,median-body-4344-torso015-J1-root-v3,wrist_center,gripper_grasping_frame,,198.6966000404209,no exact or boundary-refined wrist branch met strict wrist-center/orientation/SEW tolerances,,,,,,,,,,,,,,,oracle_inconclusive
31,tiago_sew,NUMERICAL_FAILURE,tiago_semi_analytic,c96a32d,median-body-4344-torso015-J1-root-v3,wrist_center,gripper_grasping_frame,,193.40010010637343,no exact or boundary-refined wrist branch met strict wrist-center/orientation/SEW tolerances,,,,,,,,,,,,,,,oracle_inconclusive
32,tiago_sew,NUMERICAL_FAILURE,tiago_semi_analytic,c96a32d,median-body-4344-torso015-J1-root-v3,wrist_center,gripper_grasping_frame,,193.6114999698475,no exact or boundary-refined wrist branch met strict wrist-center/orientation/SEW tolerances,,,,,,,,,,,,,,,oracle_inconclusive
33,tiago_sew,NUMERICAL_FAILURE,tiago_semi_analytic,c96a32d,median-body-4344-torso015-J1-root-v3,wrist_center,gripper_grasping_frame,,254.97249991167337,no exact or boundary-refined wrist branch met strict wrist-center/orientation/SEW tolerances,,,,,,,,,,,,,,,oracle_inconclusive
34,tiago_sew,NUMERICAL_FAILURE,tiago_semi_analytic,c96a32d,median-body-4344-torso015-J1-root-v3,wrist_center,gripper_grasping_frame,,195.1553999679163,no exact or boundary-refined wrist branch met strict wrist-center/orientation/SEW tolerances,,,,,,,,,,,,,,,oracle_inconclusive
35,tiago_sew,NUMERICAL_FAILURE,tiago_semi_analytic,c96a32d,median-body-4344-torso015-J1-root-v3,wrist_center,gripper_grasping_frame,,218.11389992944896,no exact or boundary-refined wrist branch met strict wrist-center/orientation/SEW tolerances,,,,,,,,,,,,,,,oracle_inconclusive
36,tiago_sew,NUMERICAL_FAILURE,tiago_semi_analytic,c96a32d,median-body-4344-torso015-J1-root-v3,wrist_center,gripper_grasping_frame,,190.88220002595335,no exact or boundary-refined wrist branch met strict wrist-center/orientation/SEW tolerances,,,,,,,,,,,,,,,oracle_inconclusive
37,tiago_sew,NUMERICAL_FAILURE,tiago_semi_analytic,c96a32d,median-body-4344-torso015-J1-root-v3,wrist_center,gripper_grasping_frame,,192.02889990992844,no exact or boundary-refined wrist branch met strict wrist-center/orientation/SEW tolerances,,,,,,,,,,,,,,,oracle_inconclusive
38,tiago_sew,NUMERICAL_FAILURE,tiago_semi_analytic,c96a32d,median-body-4344-torso015-J1-root-v3,wrist_center,gripper_grasping_frame,,193.22450004983693,no exact or boundary-refined wrist branch met strict wrist-center/orientation/SEW tolerances,,,,,,,,,,,,,,,oracle_inconclusive
39,tiago_sew,NUMERICAL_FAILURE,tiago_semi_analytic,c96a32d,median-body-4344-torso015-J1-root-v3,wrist_center,gripper_grasping_frame,,192.9905000142753,no exact or boundary-refined wrist branch met strict wrist-center/orientation/SEW tolerances,,,,,,,,,,,,,,,oracle_inconclusive
40,tiago_sew,NUMERICAL_FAILURE,tiago_semi_analytic,c96a32d,median-body-4344-torso015-J1-root-v3,wrist_center,gripper_grasping_frame,,196.44610001705587,no exact or boundary-refined wrist branch met strict wrist-center/orientation/SEW tolerances,,,,,,,,,,,,,,,oracle_inconclusive
41,tiago_sew,NUMERICAL_FAILURE,tiago_semi_analytic,c96a32d,median-body-4344-torso015-J1-root-v3,wrist_center,gripper_grasping_frame,,209.2269000131637,no exact or boundary-refined wrist branch met strict wrist-center/orientation/SEW tolerances,,,,,,,,,,,,,,,oracle_inconclusive
42,tiago_sew,NUMERICAL_FAILURE,tiago_semi_analytic,c96a32d,median-body-4344-torso015-J1-root-v3,wrist_center,gripper_grasping_frame,,191.37150002643466,no exact or boundary-refined wrist branch met strict wrist-center/orientation/SEW tolerances,,,,,,,,,,,,,,,oracle_inconclusive
43,tiago_sew,NUMERICAL_FAILURE,tiago_semi_analytic,c96a32d,median-body-4344-torso015-J1-root-v3,wrist_center,gripper_grasping_frame,,191.84129999484867,no exact or boundary-refined wrist branch met strict wrist-center/orientation/SEW tolerances,,,,,,,,,,,,,,,oracle_inconclusive
44,tiago_sew,NUMERICAL_FAILURE,tiago_semi_analytic,c96a32d,median-body-4344-torso015-J1-root-v3,wrist_center,gripper_grasping_frame,,191.02729996666312,no exact or boundary-refined wrist branch met strict wrist-center/orientation/SEW tolerances,,,,,,,,,,,,,,,oracle_inconclusive
45,tiago_sew,NUMERICAL_FAILURE,tiago_semi_analytic,c96a32d,median-body-4344-torso015-J1-root-v3,wrist_center,gripper_grasping_frame,,185.57650002185255,no exact or boundary-refined wrist branch met strict wrist-center/orientation/SEW tolerances,,,,,,,,,,,,,,,oracle_inconclusive
46,tiago_sew,NUMERICAL_FAILURE,tiago_semi_analytic,c96a32d,median-body-4344-torso015-J1-root-v3,wrist_center,gripper_grasping_frame,,209.54419998452067,no exact or boundary-refined wrist branch met strict wrist-center/orientation/SEW tolerances,,,,,,,,,,,,,,,oracle_inconclusive
47,tiago_sew,NUMERICAL_FAILURE,tiago_semi_analytic,c96a32d,median-body-4344-torso015-J1-root-v3,wrist_center,gripper_grasping_frame,,184.5303000882268,no exact or boundary-refined wrist branch met strict wrist-center/orientation/SEW tolerances,,,,,,,,,,,,,,,oracle_inconclusive
48,tiago_sew,NUMERICAL_FAILURE,tiago_semi_analytic,c96a32d,median-body-4344-torso015-J1-root-v3,wrist_center,gripper_grasping_frame,,185.06479996722192,no exact or boundary-refined wrist branch met strict wrist-center/orientation/SEW tolerances,,,,,,,,,,,,,,,oracle_inconclusive
49,tiago_sew,NUMERICAL_FAILURE,tiago_semi_analytic,c96a32d,median-body-4344-torso015-J1-root-v3,wrist_center,gripper_grasping_frame,,184.39279997255653,no exact or boundary-refined wrist branch met strict wrist-center/orientation/SEW tolerances,,,,,,,,,,,,,,,oracle_inconclusive
50,tiago_sew,NUMERICAL_FAILURE,tiago_semi_analytic,c96a32d,median-body-4344-torso015-J1-root-v3,wrist_center,gripper_grasping_frame,,186.1602000426501,no exact or boundary-refined wrist branch met strict wrist-center/orientation/SEW tolerances,,,,,,,,,,,,,,,oracle_inconclusive
51,tiago_sew,NUMERICAL_FAILURE,tiago_semi_analytic,c96a32d,median-body-4344-torso015-J1-root-v3,wrist_center,gripper_grasping_frame,,180.26389996521175,no exact or boundary-refined wrist branch met strict wrist-center/orientation/SEW tolerances,,,,,,,,,,,,,,,oracle_inconclusive
52,tiago_sew,NUMERICAL_FAILURE,tiago_semi_analytic,c96a32d,median-body-4344-torso015-J1-root-v3,wrist_center,gripper_grasping_frame,,193.18160007242113,no exact or boundary-refined wrist branch met strict wrist-center/orientation/SEW tolerances,,,,,,,,,,,,,,,oracle_inconclusive
53,tiago_sew,NUMERICAL_FAILURE,tiago_semi_analytic,c96a32d,median-body-4344-torso015-J1-root-v3,wrist_center,gripper_grasping_frame,,177.88939992897213,no exact or boundary-refined wrist branch met strict wrist-center/orientation/SEW tolerances,,,,,,,,,,,,,,,oracle_inconclusive
54,tiago_sew,NUMERICAL_FAILURE,tiago_semi_analytic,c96a32d,median-body-4344-torso015-J1-root-v3,wrist_center,gripper_grasping_frame,,175.77860003802925,no exact or boundary-refined wrist branch met strict wrist-center/orientation/SEW tolerances,,,,,,,,,,,,,,,oracle_inconclusive
55,tiago_sew,NUMERICAL_FAILURE,tiago_semi_analytic,c96a32d,median-body-4344-torso015-J1-root-v3,wrist_center,gripper_grasping_frame,,178.2921999692917,no exact or boundary-refined wrist branch met strict wrist-center/orientation/SEW tolerances,,,,,,,,,,,,,,,oracle_inconclusive
56,tiago_sew,NUMERICAL_FAILURE,tiago_semi_analytic,c96a32d,median-body-4344-torso015-J1-root-v3,wrist_center,gripper_grasping_frame,,176.95979995187372,no exact or boundary-refined wrist branch met strict wrist-center/orientation/SEW tolerances,,,,,,,,,,,,,,,oracle_inconclusive
57,tiago_sew,NUMERICAL_FAILURE,tiago_semi_analytic,c96a32d,median-body-4344-torso015-J1-root-v3,wrist_center,gripper_grasping_frame,,189.7852000547573,no exact or boundary-refined wrist branch met strict wrist-center/orientation/SEW tolerances,,,,,,,,,,,,,,,oracle_inconclusive
58,tiago_sew,NUMERICAL_FAILURE,tiago_semi_analytic,c96a32d,median-body-4344-torso015-J1-root-v3,wrist_center,gripper_grasping_frame,,181.77300004754215,no exact or boundary-refined wrist branch met strict wrist-center/orientation/SEW tolerances,,,,,,,,,,,,,,,oracle_inconclusive
59,tiago_sew,NUMERICAL_FAILURE,tiago_semi_analytic,c96a32d,median-body-4344-torso015-J1-root-v3,wrist_center,gripper_grasping_frame,,177.83849989064038,no exact or boundary-refined wrist branch met strict wrist-center/orientation/SEW tolerances,,,,,,,,,,,,,,,oracle_inconclusive
60,tiago_sew,NUMERICAL_FAILURE,tiago_semi_analytic,c96a32d,median-body-4344-torso015-J1-root-v3,wrist_center,gripper_grasping_frame,,172.2892998950556,no exact or boundary-refined wrist branch met strict wrist-center/orientation/SEW tolerances,,,,,,,,,,,,,,,oracle_inconclusive
61,tiago_sew,NUMERICAL_FAILURE,tiago_semi_analytic,c96a32d,median-body-4344-torso015-J1-root-v3,wrist_center,gripper_grasping_frame,,177.16359999030828,no exact or boundary-refined wrist branch met strict wrist-center/orientation/SEW tolerances,,,,,,,,,,,,,,,oracle_inconclusive
62,tiago_sew,NUMERICAL_FAILURE,tiago_semi_analytic,c96a32d,median-body-4344-torso015-J1-root-v3,wrist_center,gripper_grasping_frame,,173.0219000019133,no exact or boundary-refined wrist branch met strict wrist-center/orientation/SEW tolerances,,,,,,,,,,,,,,,oracle_inconclusive
63,tiago_sew,NUMERICAL_FAILURE,tiago_semi_analytic,c96a32d,median-body-4344-torso015-J1-root-v3,wrist_center,gripper_grasping_frame,,174.73319999407977,no exact or boundary-refined wrist branch met strict wrist-center/orientation/SEW tolerances,,,,,,,,,,,,,,,oracle_inconclusive
64,tiago_sew,NUMERICAL_FAILURE,tiago_semi_analytic,c96a32d,median-body-4344-torso015-J1-root-v3,wrist_center,gripper_grasping_frame,,171.69109999667853,no exact or boundary-refined wrist branch met strict wrist-center/orientation/SEW tolerances,,,,,,,,,,,,,,,oracle_inconclusive
65,tiago_sew,NUMERICAL_FAILURE,tiago_semi_analytic,c96a32d,median-body-4344-torso015-J1-root-v3,wrist_center,gripper_grasping_frame,,174.68439997173846,no exact or boundary-refined wrist branch met strict wrist-center/orientation/SEW tolerances,,,,,,,,,,,,,,,oracle_inconclusive
66,tiago_sew,NUMERICAL_FAILURE,tiago_semi_analytic,c96a32d,median-body-4344-torso015-J1-root-v3,wrist_center,gripper_grasping_frame,,169.55180000513792,no exact or boundary-refined wrist branch met strict wrist-center/orientation/SEW tolerances,,,,,,,,,,,,,,,oracle_inconclusive
67,tiago_sew,NUMERICAL_FAILURE,tiago_semi_analytic,c96a32d,median-body-4344-torso015-J1-root-v3,wrist_center,gripper_grasping_frame,,171.0728999460116,no exact or boundary-refined wrist branch met strict wrist-center/orientation/SEW tolerances,,,,,,,,,,,,,,,oracle_inconclusive
68,tiago_sew,NUMERICAL_FAILURE,tiago_semi_analytic,c96a32d,median-body-4344-torso015-J1-root-v3,wrist_center,gripper_grasping_frame,,172.20190004445612,no exact or boundary-refined wrist branch met strict wrist-center/orientation/SEW tolerances,,,,,,,,,,,,,,,oracle_inconclusive
69,tiago_sew,NUMERICAL_FAILURE,tiago_semi_analytic,c96a32d,median-body-4344-torso015-J1-root-v3,wrist_center,gripper_grasping_frame,,183.92330000642687,no exact or boundary-refined wrist branch met strict wrist-center/orientation/SEW tolerances,,,,,,,,,,,,,,,oracle_inconclusive
70,tiago_sew,NUMERICAL_FAILURE,tiago_semi_analytic,c96a32d,median-body-4344-torso015-J1-root-v3,wrist_center,gripper_grasping_frame,,168.9638999523595,no exact or boundary-refined wrist branch met strict wrist-center/orientation/SEW tolerances,,,,,,,,,,,,,,,oracle_inconclusive
71,tiago_sew,NUMERICAL_FAILURE,tiago_semi_analytic,c96a32d,median-body-4344-torso015-J1-root-v3,wrist_center,gripper_grasping_frame,,170.2591999201104,no exact or boundary-refined wrist branch met strict wrist-center/orientation/SEW tolerances,,,,,,,,,,,,,,,oracle_inconclusive
72,tiago_sew,NUMERICAL_FAILURE,tiago_semi_analytic,c96a32d,median-body-4344-torso015-J1-root-v3,wrist_center,gripper_grasping_frame,,167.19549999106675,no exact or boundary-refined wrist branch met strict wrist-center/orientation/SEW tolerances,,,,,,,,,,,,,,,oracle_inconclusive
73,tiago_sew,NUMERICAL_FAILURE,tiago_semi_analytic,c96a32d,median-body-4344-torso015-J1-root-v3,wrist_center,gripper_grasping_frame,,167.04530001152307,no exact or boundary-refined wrist branch met strict wrist-center/orientation/SEW tolerances,,,,,,,,,,,,,,,oracle_inconclusive
74,tiago_sew,NUMERICAL_FAILURE,tiago_semi_analytic,c96a32d,median-body-4344-torso015-J1-root-v3,wrist_center,gripper_grasping_frame,,166.47060005925596,no exact or boundary-refined wrist branch met strict wrist-center/orientation/SEW tolerances,,,,,,,,,,,,,,,oracle_inconclusive
75,tiago_sew,NUMERICAL_FAILURE,tiago_semi_analytic,c96a32d,median-body-4344-torso015-J1-root-v3,wrist_center,gripper_grasping_frame,,165.4652999714017,no exact or boundary-refined wrist branch met strict wrist-center/orientation/SEW tolerances,,,,,,,,,,,,,,,oracle_inconclusive
76,tiago_sew,NUMERICAL_FAILURE,tiago_semi_analytic,c96a32d,median-body-4344-torso015-J1-root-v3,wrist_center,gripper_grasping_frame,,165.8700000261888,no exact or boundary-refined wrist branch met strict wrist-center/orientation/SEW tolerances,,,,,,,,,,,,,,,oracle_inconclusive
77,tiago_sew,NUMERICAL_FAILURE,tiago_semi_analytic,c96a32d,median-body-4344-torso015-J1-root-v3,wrist_center,gripper_grasping_frame,,171.52159998659045,no exact or boundary-refined wrist branch met strict wrist-center/orientation/SEW tolerances,,,,,,,,,,,,,,,oracle_inconclusive
78,tiago_sew,NUMERICAL_FAILURE,tiago_semi_analytic,c96a32d,median-body-4344-torso015-J1-root-v3,wrist_center,gripper_grasping_frame,,170.92900001443923,no exact or boundary-refined wrist branch met strict wrist-center/orientation/SEW tolerances,,,,,,,,,,,,,,,oracle_inconclusive
79,tiago_sew,NUMERICAL_FAILURE,tiago_semi_analytic,c96a32d,median-body-4344-torso015-J1-root-v3,wrist_center,gripper_grasping_frame,,163.2689000107348,no exact or boundary-refined wrist branch met strict wrist-center/orientation/SEW tolerances,,,,,,,,,,,,,,,oracle_inconclusive
80,tiago_sew,NUMERICAL_FAILURE,tiago_semi_analytic,c96a32d,median-body-4344-torso015-J1-root-v3,wrist_center,gripper_grasping_frame,,162.7036000136286,no exact or boundary-refined wrist branch met strict wrist-center/orientation/SEW tolerances,,,,,,,,,,,,,,,oracle_inconclusive
81,tiago_sew,NUMERICAL_FAILURE,tiago_semi_analytic,c96a32d,median-body-4344-torso015-J1-root-v3,wrist_center,gripper_grasping_frame,,168.7514999648556,no exact or boundary-refined wrist branch met strict wrist-center/orientation/SEW tolerances,,,,,,,,,,,,,,,oracle_inconclusive
82,tiago_sew,NUMERICAL_FAILURE,tiago_semi_analytic,c96a32d,median-body-4344-torso015-J1-root-v3,wrist_center,gripper_grasping_frame,,167.54840000066906,no exact or boundary-refined wrist branch met strict wrist-center/orientation/SEW tolerances,,,,,,,,,,,,,,,oracle_inconclusive
83,tiago_sew,NUMERICAL_FAILURE,tiago_semi_analytic,c96a32d,median-body-4344-torso015-J1-root-v3,wrist_center,gripper_grasping_frame,,164.89549994003028,no exact or boundary-refined wrist branch met strict wrist-center/orientation/SEW tolerances,,,,,,,,,,,,,,,oracle_inconclusive
84,tiago_sew,NUMERICAL_FAILURE,tiago_semi_analytic,c96a32d,median-body-4344-torso015-J1-root-v3,wrist_center,gripper_grasping_frame,,162.0358000509441,no exact or boundary-refined wrist branch met strict wrist-center/orientation/SEW tolerances,,,,,,,,,,,,,,,oracle_inconclusive
85,tiago_sew,NUMERICAL_FAILURE,tiago_semi_analytic,c96a32d,median-body-4344-torso015-J1-root-v3,wrist_center,gripper_grasping_frame,,160.09229992050678,no exact or boundary-refined wrist branch met strict wrist-center/orientation/SEW tolerances,,,,,,,,,,,,,,,oracle_inconclusive
86,tiago_sew,NUMERICAL_FAILURE,tiago_semi_analytic,c96a32d,median-body-4344-torso015-J1-root-v3,wrist_center,gripper_grasping_frame,,163.0822999868542,no exact or boundary-refined wrist branch met strict wrist-center/orientation/SEW tolerances,,,,,,,,,,,,,,,oracle_inconclusive
87,tiago_sew,NUMERICAL_FAILURE,tiago_semi_analytic,c96a32d,median-body-4344-torso015-J1-root-v3,wrist_center,gripper_grasping_frame,,163.30759995616972,no exact or boundary-refined wrist branch met strict wrist-center/orientation/SEW tolerances,,,,,,,,,,,,,,,oracle_inconclusive
88,tiago_sew,NUMERICAL_FAILURE,tiago_semi_analytic,c96a32d,median-body-4344-torso015-J1-root-v3,wrist_center,gripper_grasping_frame,,167.98070003278553,no exact or boundary-refined wrist branch met strict wrist-center/orientation/SEW tolerances,,,,,,,,,,,,,,,oracle_inconclusive
89,tiago_sew,NUMERICAL_FAILURE,tiago_semi_analytic,c96a32d,median-body-4344-torso015-J1-root-v3,wrist_center,gripper_grasping_frame,,163.50009990856051,no exact or boundary-refined wrist branch met strict wrist-center/orientation/SEW tolerances,,,,,,,,,,,,,,,oracle_inconclusive
90,tiago_sew,NUMERICAL_FAILURE,tiago_semi_analytic,c96a32d,median-body-4344-torso015-J1-root-v3,wrist_center,gripper_grasping_frame,,160.67100001964718,no exact or boundary-refined wrist branch met strict wrist-center/orientation/SEW tolerances,,,,,,,,,,,,,,,oracle_inconclusive
91,tiago_sew,NUMERICAL_FAILURE,tiago_semi_analytic,c96a32d,median-body-4344-torso015-J1-root-v3,wrist_center,gripper_grasping_frame,,159.66410003602505,no exact or boundary-refined wrist branch met strict wrist-center/orientation/SEW tolerances,,,,,,,,,,,,,,,oracle_inconclusive
92,tiago_sew,NUMERICAL_FAILURE,tiago_semi_analytic,c96a32d,median-body-4344-torso015-J1-root-v3,wrist_center,gripper_grasping_frame,,159.58120010327548,no exact or boundary-refined wrist branch met strict wrist-center/orientation/SEW tolerances,,,,,,,,,,,,,,,oracle_inconclusive
93,tiago_sew,NUMERICAL_FAILURE,tiago_semi_analytic,c96a32d,median-body-4344-torso015-J1-root-v3,wrist_center,gripper_grasping_frame,,161.96049994323403,no exact or boundary-refined wrist branch met strict wrist-center/orientation/SEW tolerances,,,,,,,,,,,,,,,oracle_inconclusive
94,tiago_sew,NUMERICAL_FAILURE,tiago_semi_analytic,c96a32d,median-body-4344-torso015-J1-root-v3,wrist_center,gripper_grasping_frame,,178.5389999859035,no exact or boundary-refined wrist branch met strict wrist-center/orientation/SEW tolerances,,,,,,,,,,,,,,,oracle_inconclusive
95,tiago_sew,NUMERICAL_FAILURE,tiago_semi_analytic,c96a32d,median-body-4344-torso015-J1-root-v3,wrist_center,gripper_grasping_frame,,168.24070003349334,no exact or boundary-refined wrist branch met strict wrist-center/orientation/SEW tolerances,,,,,,,,,,,,,,,oracle_inconclusive
96,tiago_sew,NUMERICAL_FAILURE,tiago_semi_analytic,c96a32d,median-body-4344-torso015-J1-root-v3,wrist_center,gripper_grasping_frame,,161.39499994460493,no exact or boundary-refined wrist branch met strict wrist-center/orientation/SEW tolerances,,,,,,,,,,,,,,,oracle_inconclusive
97,tiago_sew,NUMERICAL_FAILURE,tiago_semi_analytic,c96a32d,median-body-4344-torso015-J1-root-v3,wrist_center,gripper_grasping_frame,,164.49009999632835,no exact or boundary-refined wrist branch met strict wrist-center/orientation/SEW tolerances,,,,,,,,,,,,,,,oracle_inconclusive
98,tiago_sew,NUMERICAL_FAILURE,tiago_semi_analytic,c96a32d,median-body-4344-torso015-J1-root-v3,wrist_center,gripper_grasping_frame,,173.77049999777228,no exact or boundary-refined wrist branch met strict wrist-center/orientation/SEW tolerances,,,,,,,,,,,,,,,oracle_inconclusive
99,tiago_sew,NUMERICAL_FAILURE,tiago_semi_analytic,c96a32d,median-body-4344-torso015-J1-root-v3,wrist_center,gripper_grasping_frame,,162.90580003987998,no exact or boundary-refined wrist branch met strict wrist-center/orientation/SEW tolerances,,,,,,,,,,,,,,,oracle_inconclusive
100,tiago_sew,NUMERICAL_FAILURE,tiago_semi_analytic,c96a32d,median-body-4344-torso015-J1-root-v3,wrist_center,gripper_grasping_frame,,160.79680004622787,no exact or boundary-refined wrist branch met strict wrist-center/orientation/SEW tolerances,,,,,,,,,,,,,,,oracle_inconclusive
101,tiago_sew,NUMERICAL_FAILURE,tiago_semi_analytic,c96a32d,median-body-4344-torso015-J1-root-v3,wrist_center,gripper_grasping_frame,,163.12769998330623,no exact or boundary-refined wrist branch met strict wrist-center/orientation/SEW tolerances,,,,,,,,,,,,,,,oracle_inconclusive
102,tiago_sew,NUMERICAL_FAILURE,tiago_semi_analytic,c96a32d,median-body-4344-torso015-J1-root-v3,wrist_center,gripper_grasping_frame,,162.63159993104637,no exact or boundary-refined wrist branch met strict wrist-center/orientation/SEW tolerances,,,,,,,,,,,,,,,oracle_inconclusive
103,tiago_sew,NUMERICAL_FAILURE,tiago_semi_analytic,c96a32d,median-body-4344-torso015-J1-root-v3,wrist_center,gripper_grasping_frame,,166.601000004448,no exact or boundary-refined wrist branch met strict wrist-center/orientation/SEW tolerances,,,,,,,,,,,,,,,oracle_inconclusive
104,tiago_sew,NUMERICAL_FAILURE,tiago_semi_analytic,c96a32d,median-body-4344-torso015-J1-root-v3,wrist_center,gripper_grasping_frame,,161.99199995025992,no exact or boundary-refined wrist branch met strict wrist-center/orientation/SEW tolerances,,,,,,,,,,,,,,,oracle_inconclusive
105,tiago_sew,NUMERICAL_FAILURE,tiago_semi_analytic,c96a32d,median-body-4344-torso015-J1-root-v3,wrist_center,gripper_grasping_frame,,165.5769000062719,no exact or boundary-refined wrist branch met strict wrist-center/orientation/SEW tolerances,,,,,,,,,,,,,,,oracle_inconclusive
106,tiago_sew,NUMERICAL_FAILURE,tiago_semi_analytic,c96a32d,median-body-4344-torso015-J1-root-v3,wrist_center,gripper_grasping_frame,,176.64229997899383,no exact or boundary-refined wrist branch met strict wrist-center/orientation/SEW tolerances,,,,,,,,,,,,,,,oracle_inconclusive
107,tiago_sew,NUMERICAL_FAILURE,tiago_semi_analytic,c96a32d,median-body-4344-torso015-J1-root-v3,wrist_center,gripper_grasping_frame,,186.39080005232245,no exact or boundary-refined wrist branch met strict wrist-center/orientation/SEW tolerances,,,,,,,,,,,,,,,oracle_inconclusive
108,tiago_sew,NUMERICAL_FAILURE,tiago_semi_analytic,c96a32d,median-body-4344-torso015-J1-root-v3,wrist_center,gripper_grasping_frame,,168.6107999412343,no exact or boundary-refined wrist branch met strict wrist-center/orientation/SEW tolerances,,,,,,,,,,,,,,,oracle_inconclusive
109,tiago_sew,NUMERICAL_FAILURE,tiago_semi_analytic,c96a32d,median-body-4344-torso015-J1-root-v3,wrist_center,gripper_grasping_frame,,168.76179992686957,no exact or boundary-refined wrist branch met strict wrist-center/orientation/SEW tolerances,,,,,,,,,,,,,,,oracle_inconclusive
110,tiago_sew,NUMERICAL_FAILURE,tiago_semi_analytic,c96a32d,median-body-4344-torso015-J1-root-v3,wrist_center,gripper_grasping_frame,,184.49630006216466,no exact or boundary-refined wrist branch met strict wrist-center/orientation/SEW tolerances,,,,,,,,,,,,,,,oracle_inconclusive
111,tiago_sew,NUMERICAL_FAILURE,tiago_semi_analytic,c96a32d,median-body-4344-torso015-J1-root-v3,wrist_center,gripper_grasping_frame,,179.5883000595495,no exact or boundary-refined wrist branch met strict wrist-center/orientation/SEW tolerances,,,,,,,,,,,,,,,oracle_inconclusive
112,tiago_sew,NUMERICAL_FAILURE,tiago_semi_analytic,c96a32d,median-body-4344-torso015-J1-root-v3,wrist_center,gripper_grasping_frame,,180.07849995046854,no exact or boundary-refined wrist branch met strict wrist-center/orientation/SEW tolerances,,,,,,,,,,,,,,,oracle_inconclusive
113,tiago_sew,NUMERICAL_FAILURE,tiago_semi_analytic,c96a32d,median-body-4344-torso015-J1-root-v3,wrist_center,gripper_grasping_frame,,220.60380002949387,no exact or boundary-refined wrist branch met strict wrist-center/orientation/SEW tolerances,,,,,,,,,,,,,,,oracle_inconclusive
114,tiago_sew,NUMERICAL_FAILURE,tiago_semi_analytic,c96a32d,median-body-4344-torso015-J1-root-v3,wrist_center,gripper_grasping_frame,,172.5982999196276,no exact or boundary-refined wrist branch met strict wrist-center/orientation/SEW tolerances,,,,,,,,,,,,,,,oracle_inconclusive
115,tiago_sew,NUMERICAL_FAILURE,tiago_semi_analytic,c96a32d,median-body-4344-torso015-J1-root-v3,wrist_center,gripper_grasping_frame,,171.83549993205816,no exact or boundary-refined wrist branch met strict wrist-center/orientation/SEW tolerances,,,,,,,,,,,,,,,oracle_inconclusive
116,tiago_sew,NUMERICAL_FAILURE,tiago_semi_analytic,c96a32d,median-body-4344-torso015-J1-root-v3,wrist_center,gripper_grasping_frame,,167.42039995733649,no exact or boundary-refined wrist branch met strict wrist-center/orientation/SEW tolerances,,,,,,,,,,,,,,,oracle_inconclusive
117,tiago_sew,NUMERICAL_FAILURE,tiago_semi_analytic,c96a32d,median-body-4344-torso015-J1-root-v3,wrist_center,gripper_grasping_frame,,172.52289992757142,no exact or boundary-refined wrist branch met strict wrist-center/orientation/SEW tolerances,,,,,,,,,,,,,,,oracle_inconclusive
118,tiago_sew,NUMERICAL_FAILURE,tiago_semi_analytic,c96a32d,median-body-4344-torso015-J1-root-v3,wrist_center,gripper_grasping_frame,,184.80960000306368,no exact or boundary-refined wrist branch met strict wrist-center/orientation/SEW tolerances,,,,,,,,,,,,,,,oracle_inconclusive
119,tiago_sew,NUMERICAL_FAILURE,tiago_semi_analytic,c96a32d,median-body-4344-torso015-J1-root-v3,wrist_center,gripper_grasping_frame,,167.21240000333637,no exact or boundary-refined wrist branch met strict wrist-center/orientation/SEW tolerances,,,,,,,,,,,,,,,oracle_inconclusive
120,tiago_sew,NUMERICAL_FAILURE,tiago_semi_analytic,c96a32d,median-body-4344-torso015-J1-root-v3,wrist_center,gripper_grasping_frame,,168.4115999378264,no exact or boundary-refined wrist branch met strict wrist-center/orientation/SEW tolerances,,,,,,,,,,,,,,,oracle_inconclusive
121,tiago_sew,NUMERICAL_FAILURE,tiago_semi_analytic,c96a32d,median-body-4344-torso015-J1-root-v3,wrist_center,gripper_grasping_frame,,167.1976000070572,no exact or boundary-refined wrist branch met strict wrist-center/orientation/SEW tolerances,,,,,,,,,,,,,,,oracle_inconclusive
122,tiago_sew,NUMERICAL_FAILURE,tiago_semi_analytic,c96a32d,median-body-4344-torso015-J1-root-v3,wrist_center,gripper_grasping_frame,,169.7831000201404,no exact or boundary-refined wrist branch met strict wrist-center/orientation/SEW tolerances,,,,,,,,,,,,,,,oracle_inconclusive
123,tiago_sew,NUMERICAL_FAILURE,tiago_semi_analytic,c96a32d,median-body-4344-torso015-J1-root-v3,wrist_center,gripper_grasping_frame,,166.38910002075136,no exact or boundary-refined wrist branch met strict wrist-center/orientation/SEW tolerances,,,,,,,,,,,,,,,oracle_inconclusive
124,tiago_sew,NUMERICAL_FAILURE,tiago_semi_analytic,c96a32d,median-body-4344-torso015-J1-root-v3,wrist_center,gripper_grasping_frame,,169.2726000910625,no exact or boundary-refined wrist branch met strict wrist-center/orientation/SEW tolerances,,,,,,,,,,,,,,,oracle_inconclusive
125,tiago_sew,NUMERICAL_FAILURE,tiago_semi_analytic,c96a32d,median-body-4344-torso015-J1-root-v3,wrist_center,gripper_grasping_frame,,169.80619996320456,no exact or boundary-refined wrist branch met strict wrist-center/orientation/SEW tolerances,,,,,,,,,,,,,,,oracle_inconclusive
126,tiago_sew,NUMERICAL_FAILURE,tiago_semi_analytic,c96a32d,median-body-4344-torso015-J1-root-v3,wrist_center,gripper_grasping_frame,,171.6945000225678,no exact or boundary-refined wrist branch met strict wrist-center/orientation/SEW tolerances,,,,,,,,,,,,,,,oracle_inconclusive
127,tiago_sew,NUMERICAL_FAILURE,tiago_semi_analytic,c96a32d,median-body-4344-torso015-J1-root-v3,wrist_center,gripper_grasping_frame,,166.6026000166312,no exact or boundary-refined wrist branch met strict wrist-center/orientation/SEW tolerances,,,,,,,,,,,,,,,oracle_inconclusive
128,tiago_sew,NUMERICAL_FAILURE,tiago_semi_analytic,c96a32d,median-body-4344-torso015-J1-root-v3,wrist_center,gripper_grasping_frame,,170.47670006286353,no exact or boundary-refined wrist branch met strict wrist-center/orientation/SEW tolerances,,,,,,,,,,,,,,,oracle_inconclusive
129,tiago_sew,NUMERICAL_FAILURE,tiago_semi_analytic,c96a32d,median-body-4344-torso015-J1-root-v3,wrist_center,gripper_grasping_frame,,171.8469999032095,no exact or boundary-refined wrist branch met strict wrist-center/orientation/SEW tolerances,,,,,,,,,,,,,,,oracle_inconclusive
130,tiago_sew,NUMERICAL_FAILURE,tiago_semi_analytic,c96a32d,median-body-4344-torso015-J1-root-v3,wrist_center,gripper_grasping_frame,,176.67040007654577,no exact or boundary-refined wrist branch met strict wrist-center/orientation/SEW tolerances,,,,,,,,,,,,,,,oracle_inconclusive
131,tiago_sew,NUMERICAL_FAILURE,tiago_semi_analytic,c96a32d,median-body-4344-torso015-J1-root-v3,wrist_center,gripper_grasping_frame,,172.90940007660538,no exact or boundary-refined wrist branch met strict wrist-center/orientation/SEW tolerances,,,,,,,,,,,,,,,oracle_inconclusive
132,tiago_sew,NUMERICAL_FAILURE,tiago_semi_analytic,c96a32d,median-body-4344-torso015-J1-root-v3,wrist_center,gripper_grasping_frame,,166.46229999605566,no exact or boundary-refined wrist branch met strict wrist-center/orientation/SEW tolerances,,,,,,,,,,,,,,,oracle_inconclusive
133,tiago_sew,NUMERICAL_FAILURE,tiago_semi_analytic,c96a32d,median-body-4344-torso015-J1-root-v3,wrist_center,gripper_grasping_frame,,166.116000036709,no exact or boundary-refined wrist branch met strict wrist-center/orientation/SEW tolerances,,,,,,,,,,,,,,,oracle_inconclusive
134,tiago_sew,NUMERICAL_FAILURE,tiago_semi_analytic,c96a32d,median-body-4344-torso015-J1-root-v3,wrist_center,gripper_grasping_frame,,164.9199000094086,no exact or boundary-refined wrist branch met strict wrist-center/orientation/SEW tolerances,,,,,,,,,,,,,,,oracle_inconclusive
135,tiago_sew,NUMERICAL_FAILURE,tiago_semi_analytic,c96a32d,median-body-4344-torso015-J1-root-v3,wrist_center,gripper_grasping_frame,,168.67980000097305,no exact or boundary-refined wrist branch met strict wrist-center/orientation/SEW tolerances,,,,,,,,,,,,,,,oracle_inconclusive
136,tiago_sew,NUMERICAL_FAILURE,tiago_semi_analytic,c96a32d,median-body-4344-torso015-J1-root-v3,wrist_center,gripper_grasping_frame,,164.9932999862358,no exact or boundary-refined wrist branch met strict wrist-center/orientation/SEW tolerances,,,,,,,,,,,,,,,oracle_inconclusive
137,tiago_sew,NUMERICAL_FAILURE,tiago_semi_analytic,c96a32d,median-body-4344-torso015-J1-root-v3,wrist_center,gripper_grasping_frame,,168.75059995800257,no exact or boundary-refined wrist branch met strict wrist-center/orientation/SEW tolerances,,,,,,,,,,,,,,,oracle_inconclusive
138,tiago_sew,NUMERICAL_FAILURE,tiago_semi_analytic,c96a32d,median-body-4344-torso015-J1-root-v3,wrist_center,gripper_grasping_frame,,161.56939999200404,no exact or boundary-refined wrist branch met strict wrist-center/orientation/SEW tolerances,,,,,,,,,,,,,,,oracle_inconclusive
139,tiago_sew,NUMERICAL_FAILURE,tiago_semi_analytic,c96a32d,median-body-4344-torso015-J1-root-v3,wrist_center,gripper_grasping_frame,,161.60089999902993,no exact or boundary-refined wrist branch met strict wrist-center/orientation/SEW tolerances,,,,,,,,,,,,,,,oracle_inconclusive
140,tiago_sew,NUMERICAL_FAILURE,tiago_semi_analytic,c96a32d,median-body-4344-torso015-J1-root-v3,wrist_center,gripper_grasping_frame,,161.63290000986308,no exact or boundary-refined wrist branch met strict wrist-center/orientation/SEW tolerances,,,,,,,,,,,,,,,oracle_inconclusive
141,tiago_sew,NUMERICAL_FAILURE,tiago_semi_analytic,c96a32d,median-body-4344-torso015-J1-root-v3,wrist_center,gripper_grasping_frame,,231.4470000565052,no exact or boundary-refined wrist branch met strict wrist-center/orientation/SEW tolerances,,,,,,,,,,,,,,,oracle_inconclusive
142,tiago_sew,NUMERICAL_FAILURE,tiago_semi_analytic,c96a32d,median-body-4344-torso015-J1-root-v3,wrist_center,gripper_grasping_frame,,179.07289997674525,no exact or boundary-refined wrist branch met strict wrist-center/orientation/SEW tolerances,,,,,,,,,,,,,,,oracle_inconclusive
143,tiago_sew,NUMERICAL_FAILURE,tiago_semi_analytic,c96a32d,median-body-4344-torso015-J1-root-v3,wrist_center,gripper_grasping_frame,,165.27780005708337,no exact or boundary-refined wrist branch met strict wrist-center/orientation/SEW tolerances,,,,,,,,,,,,,,,oracle_inconclusive
144,tiago_sew,SUCCESS_EXACT,tiago_semi_analytic,c96a32d,median-body-4344-torso015-J1-root-v3,wrist_center,gripper_grasping_frame,seed-0-wrist-1,5.7888999581336975,,1.8035381609304348,-0.4250778749404278,-2.0057897157948124,1.4813607488218508,-0.014036614513837975,-0.5266364574592424,-2.093596008161887,1.1424513204471568e-11,3.8077630918204784e-14,4.834443115824545e-13,0.04606533908683225,0.4755751133420484,0.6434694506869599,0.8099098485453035,reachable_success
145,tiago_sew,SUCCESS_EXACT,tiago_semi_analytic,c96a32d,median-body-4344-torso015-J1-root-v3,wrist_center,gripper_grasping_frame,seed-0-wrist-1,3.709999960847199,,1.7982828406860865,-0.42486529590839306,-2.001864215098312,1.4885752686510467,-0.017054670623600998,-0.5267413155191596,-2.086845010771957,3.3306690738754696e-13,4.200626409467917e-14,0.0,0.43286899703365656,0.47512543838945165,0.641457400770987,0.8096608862336061,reachable_success
146,tiago_sew,SUCCESS_EXACT,tiago_semi_analytic,c96a32d,median-body-4344-torso015-J1-root-v3,wrist_center,gripper_grasping_frame,seed-0-wrist-1,3.653899999335408,,1.7932211497519137,-0.42620965928888477,-1.9992245279133205,1.4960180768177966,-0.016366412770203453,-0.5233188698498399,-2.08602165620038,1.2412670766236365e-13,5.944410078943577e-14,2.5444437451708134e-14,0.48004373902782105,0.47461298090942244,0.639491581652847,0.810259545325319,reachable_success
147,tiago_sew,SUCCESS_EXACT,tiago_semi_analytic,c96a32d,median-body-4344-torso015-J1-root-v3,wrist_center,gripper_grasping_frame,seed-0-wrist-1,3.9106999756768346,,1.7876317437374591,-0.4265037992599892,-1.9946423568046039,1.5042332125470588,-0.015134666233198146,-0.5190619201179785,-2.084564289878476,2.5438405243138007e-13,1.2019662243782987e-13,0.0,0.5635446784774096,0.4736977011979727,0.6374505211109256,0.8107144151754748,reachable_success
148,tiago_sew,SUCCESS_EXACT,tiago_semi_analytic,c96a32d,median-body-4344-torso015-J1-root-v3,wrist_center,gripper_grasping_frame,seed-0-wrist-1,3.724499954842031,,1.780897827194487,-0.4256099521234193,-1.9880006502747571,1.5133774280719379,-0.009391845926060682,-0.5151627721792158,-2.0855923170394925,3.3306690738754696e-13,2.2239811373867125e-14,2.5444437451708134e-14,0.5046430609263566,0.4722083332544515,0.6349981378724572,0.8109858588465111,reachable_success
149,tiago_sew,SUCCESS_EXACT,tiago_semi_analytic,c96a32d,median-body-4344-torso015-J1-root-v3,wrist_center,gripper_grasping_frame,seed-0-wrist-1,3.9554000832140446,,1.7753959720331967,-0.4296136823955703,-1.9882035117649284,1.5229395758713056,-0.00728948280853281,-0.5123885710741187,-2.090269265046085,1.6653345369377348e-13,4.3629340851032836e-14,0.0,0.23667367914649767,0.47134365206023365,0.6324762324966977,0.8122991921342193,reachable_success
150,tiago_sew,SUCCESS_EXACT,tiago_semi_analytic,c96a32d,median-body-4344-torso015-J1-root-v3,wrist_center,gripper_grasping_frame,seed-0-wrist-1,3.9001000113785267,,1.7687146212375142,-0.43346279957975387,-1.9873340831055426,1.534021526754607,-0.011582635130503505,-0.5129633493712089,-2.08643576680495,1.1102230246251565e-13,5.811053184993627e-14,2.5444437451708134e-14,0.45631694913434434,0.4705930412227487,0.62945970112134,0.8126319494296491,reachable_success
151,tiago_sew,SUCCESS_EXACT,tiago_semi_analytic,c96a32d,median-body-4344-torso015-J1-root-v3,wrist_center,gripper_grasping_frame,seed-0-wrist-1,3.602099954150617,,1.7614705602755305,-0.4337068946265854,-1.981806547477052,1.544496088257324,-0.01109987281137137,-0.5099717201130951,-2.085458472938882,4.710277376051325e-13,1.0754352629336145e-13,7.63333123551244e-14,0.512311763004073,0.46936673241400384,0.6266704102214226,0.8128705051072912,reachable_success
152,tiago_sew,SUCCESS_EXACT,tiago_semi_analytic,c96a32d,median-body-4344-torso015-J1-root-v3,wrist_center,gripper_grasping_frame,seed-0-wrist-1,4.050799994729459,,1.7541100864227175,-0.43724991999736784,-1.9795963024533818,1.5566280494951148,-0.017348478380583288,-0.5125909928389567,-2.079413098765203,2.7755575615628914e-13,3.4324420062121255e-14,0.0,0.8586861887332676,0.4682385911243528,0.623374530616271,0.8124832989781625,reachable_success
153,tiago_sew,SUCCESS_EXACT,tiago_semi_analytic,c96a32d,median-body-4344-torso015-J1-root-v3,wrist_center,gripper_grasping_frame,seed-0-wrist-1,3.8711000233888626,,1.7461398975644187,-0.43948537793692233,-1.9756259306386736,1.568844078289133,-0.019782842820898594,-0.5115108428628612,-2.075524442120609,2.989366980140908e-13,4.650916161329282e-14,0.0,1.081489802443991,0.4670164916782999,0.6200466038002789,0.8126267752073554,reachable_success
154,tiago_sew,SUCCESS_EXACT,tiago_semi_analytic,c96a32d,median-body-4344-torso015-J1-root-v3,wrist_center,gripper_grasping_frame,seed-0-wrist-1,3.663900075480342,,1.7382720328518435,-0.44086585594770905,-1.9705803259886001,1.580043754538939,-0.020233213542192985,-0.5077354972771833,-2.072929053198731,2.7194799110210365e-13,8.456776821499441e-14,0.0,1.2301946338626184,0.4659623652287329,0.6169512407830527,0.8129360408856326,reachable_success
155,tiago_sew,SUCCESS_EXACT,tiago_semi_analytic,c96a32d,median-body-4344-torso015-J1-root-v3,wrist_center,gripper_grasping_frame,seed-0-wrist-1,3.7405999610200524,,1.7292894222225843,-0.4438922333671127,-1.9658987489070696,1.5932415202001835,-0.017548901051934962,-0.5065928265443955,-2.074791119174254,2.0014830212433604e-13,7.391087719751295e-14,2.5444437451708134e-14,1.1235061122902485,0.4641880808851797,0.6131306997011671,0.8129167916645851,reachable_success
156,tiago_sew,SUCCESS_EXACT,tiago_semi_analytic,c96a32d,median-body-4344-torso015-J1-root-v3,wrist_center,gripper_grasping_frame,seed-0-wrist-1,3.794600022956729,,1.7200255649584728,-0.44670822163354146,-1.9609915534018816,1.6072548128656805,-0.017716996842008115,-0.5065826637558306,-2.0770866339355054,2.0014830212433604e-13,6.206259263735125e-14,0.0,0.9919828046605533,0.46230647347730097,0.6091621466478256,0.812718109518268,reachable_success
157,tiago_sew,SUCCESS_EXACT,tiago_semi_analytic,c96a32d,median-body-4344-torso015-J1-root-v3,wrist_center,gripper_grasping_frame,seed-0-wrist-1,3.758499980904162,,1.7104994969240512,-0.4509038300035345,-1.9573256604395333,1.6215198525429253,-0.019753369382289776,-0.5083237832861198,-2.0798635911315566,2.0014830212433604e-13,3.548263447539918e-14,2.5444437451708134e-14,0.8328748774383364,0.4606911303346582,0.6049402498448913,0.8123045047877666,reachable_success
158,tiago_sew,SUCCESS_EXACT,tiago_semi_analytic,c96a32d,median-body-4344-torso015-J1-root-v3,wrist_center,gripper_grasping_frame,seed-0-wrist-1,3.592599998228252,,1.699912593774078,-0.45347469833534126,-1.9498538061913688,1.6366953999869758,-0.014706100883898898,-0.5059315740870813,-2.088652593328768,1.1102230246251565e-13,6.080292207073215e-14,0.0,0.3293021454069126,0.45810802701407843,0.6005497541369607,0.8119265949940295,reachable_success
159,tiago_sew,SUCCESS_EXACT,tiago_semi_analytic,c96a32d,median-body-4344-torso015-J1-root-v3,wrist_center,gripper_grasping_frame,seed-0-wrist-1,3.8117000367492437,,1.6885562171511965,-0.4576499533669118,-1.9434389288204095,1.653202391487109,-0.012728617184500024,-0.5017318058171933,-2.094035550441369,3.554447978966673e-13,9.049727313454644e-14,5.088887490341627e-14,0.02088142155496305,0.4559248934206321,0.5958021007279553,0.8120479710470964,reachable_success
160,tiago_sew,SUCCESS_EXACT,tiago_semi_analytic,c96a32d,median-body-4344-torso015-J1-root-v3,wrist_center,gripper_grasping_frame,seed-0-wrist-1,3.7260999670252204,,1.6766587354692837,-0.4598976316148691,-1.93487254363223,1.668652059736426,-0.012515427400293433,-0.49657337315125094,-2.0930530756591033,4.577566798522238e-13,7.762998770576553e-14,0.0,0.07717308005681305,0.4542605688273447,0.5911298223503675,0.8116628861827565,reachable_success
161,tiago_sew,SUCCESS_EXACT,tiago_semi_analytic,c96a32d,median-body-4344-torso015-J1-root-v3,wrist_center,gripper_grasping_frame,seed-0-wrist-1,4.020599997602403,,1.6647692583757405,-0.460816053824156,-1.9249077050414916,1.6838739758142427,-0.010809080188588283,-0.498313936771444,-2.087435706754305,1.9229626863835638e-13,4.334438452274869e-14,2.5444437451708134e-14,0.3990246102697782,0.45169275382948837,0.5862819023429822,0.8097238940221416,reachable_success
162,tiago_sew,SUCCESS_EXACT,tiago_semi_analytic,c96a32d,median-body-4344-torso015-J1-root-v3,wrist_center,gripper_grasping_frame,seed-0-wrist-1,3.617200069129467,,1.652093044634066,-0.459530161030865,-1.9124473039237904,1.69902890141872,-0.0011197300450511705,-0.493632947323595,-2.0881930252377465,1.2412670766236365e-13,9.796686525180019e-14,2.5444437451708134e-14,0.3556334574213312,0.44884472928885144,0.5813742030168735,0.8087286068072723,reachable_success
163,tiago_sew,SUCCESS_EXACT,tiago_semi_analytic,c96a32d,median-body-4344-torso015-J1-root-v3,wrist_center,gripper_grasping_frame,seed-0-wrist-1,3.806399996392429,,1.639608802712152,-0.4611251890647311,-1.9029352654122704,1.7142114099351442,-0.0019608508374027167,-0.4921095923451073,-2.0860654605314757,3.885780586188048e-13,5.286970224796427e-14,2.5444437451708134e-14,0.4775339357316413,0.4470515189044758,0.5763972213851525,0.807264392176565,reachable_success
164,tiago_sew,SUCCESS_EXACT,tiago_semi_analytic,c96a32d,median-body-4344-torso015-J1-root-v3,wrist_center,gripper_grasping_frame,seed-0-wrist-1,3.9506000466644764,,1.6258460593155812,-0.4599589193406104,-1.8897770911268854,1.7301144176644871,0.003001501191655098,-0.48229115998370364,-2.094025242554677,9.171947447016606e-13,5.477754700260157e-14,5.088887490341627e-14,0.021472019958100122,0.44498711442986927,0.5713039845701863,0.806759024595046,reachable_success
165,tiago_sew,SUCCESS_EXACT,tiago_semi_analytic,c96a32d,median-body-4344-torso015-J1-root-v3,wrist_center,gripper_grasping_frame,seed-15-wrist-1-boundary,160.57980002369732,,1.6120219957883255,-0.4622458227227363,-1.8800779796246454,1.7492305625657643,-0.0027410964479439902,-0.47581051401026286,-2.0943999999999994,0.550064894075543,0.24607986313200292,0.0023851104851066035,2.5444437451708134e-14,0.44273885255360274,0.5657748377649696,0.806557649614086,reachable_success
166,tiago_sew,SUCCESS_EXACT,tiago_semi_analytic,c96a32d,median-body-4344-torso015-J1-root-v3,wrist_center,gripper_grasping_frame,seed-15-wrist-1-boundary,160.6362999882549,,1.5975531025324587,-0.4665350864455516,-1.871498176813479,1.7682971197799768,-0.008286589614559981,-0.4761659549048898,-2.0943999999999994,0.7235355071062928,0.32335479045152277,0.004642778951360859,2.5444437451708134e-14,0.4404074144751701,0.5596866572661923,0.8051147672231352,reachable_success
167,tiago_sew,SUCCESS_EXACT,tiago_semi_analytic,c96a32d,median-body-4344-torso015-J1-root-v3,wrist_center,gripper_grasping_frame,seed-15-wrist-1-boundary,162.9743000958115,,1.58338145040911,-0.47270200944737245,-1.863909070171217,1.7873004142346367,-0.011526457921192694,-0.4773727657269569,-2.0943999999999994,0.8186733918738816,0.3654064655015692,0.006247415583380342,2.5444437451708134e-14,0.43772444507604935,0.5535607163185396,0.8036607772264356,reachable_success
168,tiago_sew,SUCCESS_EXACT,tiago_semi_analytic,c96a32d,median-body-4344-torso015-J1-root-v3,wrist_center,gripper_grasping_frame,seed-15-wrist-1-boundary,164.2631000140682,,1.5690579725433056,-0.4804525310088329,-1.8578577446667788,1.8059515091429224,-0.010271781003249866,-0.4800358600642552,-2.0943999999999994,0.5544357184707721,0.24713435313403392,0.003940865998814669,2.5444437451708134e-14,0.43497563642814296,0.5471764764759605,0.8024663952340464,reachable_success
169,tiago_sew,SUCCESS_EXACT,tiago_semi_analytic,c96a32d,median-body-4344-torso015-J1-root-v3,wrist_center,gripper_grasping_frame,seed-15-wrist-1-boundary,166.39990010298789,,1.5542059652455913,-0.4882546383248778,-1.8514422348475565,1.8247645575435945,-0.007302078140869553,-0.4757370388712334,-2.0943999999999994,0.423735049867433,0.1885806065133384,0.0024983994256642206,2.5444437451708134e-14,0.4326106515023429,0.5408246093869227,0.8026288653217551,reachable_success
170,tiago_sew,SUCCESS_EXACT,tiago_semi_analytic,c96a32d,median-body-4344-torso015-J1-root-v3,wrist_center,gripper_grasping_frame,seed-0-wrist-1,3.7755999946966767,,1.539152636641761,-0.497470027746327,-1.8454409029169525,1.842410166409006,-0.0064049035739106586,-0.4771506801054306,-2.0919564181739716,1.3563363457780992e-12,5.840206745602303e-14,1.7811106216195694e-13,0.14000692552628788,0.43055389897200663,0.5343296691721352,0.8014201807764852,reachable_success
171,tiago_sew,SUCCESS_EXACT,tiago_semi_analytic,c96a32d,median-body-4344-torso015-J1-root-v3,wrist_center,gripper_grasping_frame,seed-0-wrist-1,3.864699974656105,,1.5241443540515278,-0.5052063257995048,-1.8385716503976617,1.8614484145834582,-0.01480507665164943,-0.4795441708118351,-2.078798380152362,1.5827980514452614e-12,8.550434711503327e-14,1.526666247102488e-13,0.8939069708371878,0.4283457243829429,0.5279326164845111,0.7999973249274174,reachable_success
172,tiago_sew,SUCCESS_EXACT,tiago_semi_analytic,c96a32d,median-body-4344-torso015-J1-root-v3,wrist_center,gripper_grasping_frame,seed-0-wrist-1,3.6732000298798084,,1.5087318296606866,-0.5137143537330403,-1.8318908770757691,1.8801531742065891,-0.01770480808943553,-0.48469814527283006,-2.0757605252216598,6.004449063730082e-13,4.53189289828384e-14,1.7811106216195694e-13,1.0679632371394303,0.42572847684349685,0.5212108653420308,0.7982518735506623,reachable_success
173,tiago_sew,SUCCESS_EXACT,tiago_semi_analytic,c96a32d,median-body-4344-torso015-J1-root-v3,wrist_center,gripper_grasping_frame,seed-0-wrist-1,3.9688999531790614,,1.4923683424678431,-0.523553509600225,-1.8256038771581287,1.8996908338965026,-0.025727769370696763,-0.48786066939500516,-2.078217152847161,2.2887833992611187e-12,5.795392612806626e-14,4.325554366790383e-13,0.9272088423629574,0.423727073007017,0.5142745143737542,0.7969544654256324,reachable_success
174,tiago_sew,SUCCESS_EXACT,tiago_semi_analytic,c96a32d,median-body-4344-torso015-J1-root-v3,wrist_center,gripper_grasping_frame,seed-0-wrist-1,3.798099933192134,,1.4753198194515411,-0.5334953803247271,-1.8180872488531148,1.9196701608937443,-0.02017698743921592,-0.49164824593779555,-2.0920066660972605,3.8814165451513595e-12,4.035696281440788e-14,4.325554366790383e-13,0.1371279315925372,0.42022563791560996,0.5068085411197417,0.7957523657439247,reachable_success
175,tiago_sew,SUCCESS_EXACT,tiago_semi_analytic,c96a32d,median-body-4344-torso015-J1-root-v3,wrist_center,gripper_grasping_frame,seed-15-wrist-1-boundary,169.55180000513792,,1.4580440026615007,-0.5453308849579357,-1.811197368846474,1.9408495666478072,-0.026206890383709127,-0.495953531292256,-2.0943999999999994,0.32492561761162264,0.14158784783068373,0.00426587394446376,2.5444437451708134e-14,0.41719809464670377,0.4993944366260382,0.7944453651022483,reachable_success
176,tiago_sew,NUMERICAL_FAILURE,tiago_semi_analytic,c96a32d,median-body-4344-torso015-J1-root-v3,wrist_center,gripper_grasping_frame,,167.88620001170784,no exact or boundary-refined wrist branch met strict wrist-center/orientation/SEW tolerances,,,,,,,,,,,,,,,oracle_inconclusive
177,tiago_sew,NUMERICAL_FAILURE,tiago_semi_analytic,c96a32d,median-body-4344-torso015-J1-root-v3,wrist_center,gripper_grasping_frame,,170.46799999661744,no exact or boundary-refined wrist branch met strict wrist-center/orientation/SEW tolerances,,,,,,,,,,,,,,,oracle_inconclusive
178,tiago_sew,NUMERICAL_FAILURE,tiago_semi_analytic,c96a32d,median-body-4344-torso015-J1-root-v3,wrist_center,gripper_grasping_frame,,180.6882000528276,no exact or boundary-refined wrist branch met strict wrist-center/orientation/SEW tolerances,,,,,,,,,,,,,,,oracle_inconclusive
179,tiago_sew,NUMERICAL_FAILURE,tiago_semi_analytic,c96a32d,median-body-4344-torso015-J1-root-v3,wrist_center,gripper_grasping_frame,,179.37370005529374,no exact or boundary-refined wrist branch met strict wrist-center/orientation/SEW tolerances,,,,,,,,,,,,,,,oracle_inconclusive
180,tiago_sew,NUMERICAL_FAILURE,tiago_semi_analytic,c96a32d,median-body-4344-torso015-J1-root-v3,wrist_center,gripper_grasping_frame,,200.17869991715997,no exact or boundary-refined wrist branch met strict wrist-center/orientation/SEW tolerances,,,,,,,,,,,,,,,oracle_inconclusive
181,tiago_sew,NUMERICAL_FAILURE,tiago_semi_analytic,c96a32d,median-body-4344-torso015-J1-root-v3,wrist_center,gripper_grasping_frame,,177.5019000051543,no exact or boundary-refined wrist branch met strict wrist-center/orientation/SEW tolerances,,,,,,,,,,,,,,,oracle_inconclusive
182,tiago_sew,NUMERICAL_FAILURE,tiago_semi_analytic,c96a32d,median-body-4344-torso015-J1-root-v3,wrist_center,gripper_grasping_frame,,215.22960008587688,no exact or boundary-refined wrist branch met strict wrist-center/orientation/SEW tolerances,,,,,,,,,,,,,,,oracle_inconclusive
183,tiago_sew,NUMERICAL_FAILURE,tiago_semi_analytic,c96a32d,median-body-4344-torso015-J1-root-v3,wrist_center,gripper_grasping_frame,,187.50709993764758,no exact or boundary-refined wrist branch met strict wrist-center/orientation/SEW tolerances,,,,,,,,,,,,,,,oracle_inconclusive
184,tiago_sew,NUMERICAL_FAILURE,tiago_semi_analytic,c96a32d,median-body-4344-torso015-J1-root-v3,wrist_center,gripper_grasping_frame,,179.90410001948476,no exact or boundary-refined wrist branch met strict wrist-center/orientation/SEW tolerances,,,,,,,,,,,,,,,oracle_inconclusive
185,tiago_sew,NUMERICAL_FAILURE,tiago_semi_analytic,c96a32d,median-body-4344-torso015-J1-root-v3,wrist_center,gripper_grasping_frame,,180.93609996140003,no exact or boundary-refined wrist branch met strict wrist-center/orientation/SEW tolerances,,,,,,,,,,,,,,,oracle_inconclusive
186,tiago_sew,NUMERICAL_FAILURE,tiago_semi_analytic,c96a32d,median-body-4344-torso015-J1-root-v3,wrist_center,gripper_grasping_frame,,182.1182999992743,no exact or boundary-refined wrist branch met strict wrist-center/orientation/SEW tolerances,,,,,,,,,,,,,,,oracle_inconclusive
187,tiago_sew,NUMERICAL_FAILURE,tiago_semi_analytic,c96a32d,median-body-4344-torso015-J1-root-v3,wrist_center,gripper_grasping_frame,,188.06900002527982,no exact or boundary-refined wrist branch met strict wrist-center/orientation/SEW tolerances,,,,,,,,,,,,,,,oracle_inconclusive
188,tiago_sew,NUMERICAL_FAILURE,tiago_semi_analytic,c96a32d,median-body-4344-torso015-J1-root-v3,wrist_center,gripper_grasping_frame,,186.8405999848619,no exact or boundary-refined wrist branch met strict wrist-center/orientation/SEW tolerances,,,,,,,,,,,,,,,oracle_inconclusive
189,tiago_sew,NUMERICAL_FAILURE,tiago_semi_analytic,c96a32d,median-body-4344-torso015-J1-root-v3,wrist_center,gripper_grasping_frame,,194.94299998041242,no exact or boundary-refined wrist branch met strict wrist-center/orientation/SEW tolerances,,,,,,,,,,,,,,,oracle_inconclusive
190,tiago_sew,NUMERICAL_FAILURE,tiago_semi_analytic,c96a32d,median-body-4344-torso015-J1-root-v3,wrist_center,gripper_grasping_frame,,196.8671000795439,no exact or boundary-refined wrist branch met strict wrist-center/orientation/SEW tolerances,,,,,,,,,,,,,,,oracle_inconclusive
191,tiago_sew,NUMERICAL_FAILURE,tiago_semi_analytic,c96a32d,median-body-4344-torso015-J1-root-v3,wrist_center,gripper_grasping_frame,,207.86699990276247,no exact or boundary-refined wrist branch met strict wrist-center/orientation/SEW tolerances,,,,,,,,,,,,,,,oracle_inconclusive
192,tiago_sew,NUMERICAL_FAILURE,tiago_semi_analytic,c96a32d,median-body-4344-torso015-J1-root-v3,wrist_center,gripper_grasping_frame,,198.66519991774112,no exact or boundary-refined wrist branch met strict wrist-center/orientation/SEW tolerances,,,,,,,,,,,,,,,oracle_inconclusive
193,tiago_sew,NUMERICAL_FAILURE,tiago_semi_analytic,c96a32d,median-body-4344-torso015-J1-root-v3,wrist_center,gripper_grasping_frame,,199.8577999183908,no exact or boundary-refined wrist branch met strict wrist-center/orientation/SEW tolerances,,,,,,,,,,,,,,,oracle_inconclusive
194,tiago_sew,NUMERICAL_FAILURE,tiago_semi_analytic,c96a32d,median-body-4344-torso015-J1-root-v3,wrist_center,gripper_grasping_frame,,204.9993999535218,no exact or boundary-refined wrist branch met strict wrist-center/orientation/SEW tolerances,,,,,,,,,,,,,,,oracle_inconclusive
195,tiago_sew,NUMERICAL_FAILURE,tiago_semi_analytic,c96a32d,median-body-4344-torso015-J1-root-v3,wrist_center,gripper_grasping_frame,,197.75350007694215,no exact or boundary-refined wrist branch met strict wrist-center/orientation/SEW tolerances,,,,,,,,,,,,,,,oracle_inconclusive
196,tiago_sew,NUMERICAL_FAILURE,tiago_semi_analytic,c96a32d,median-body-4344-torso015-J1-root-v3,wrist_center,gripper_grasping_frame,,211.3526000175625,no exact or boundary-refined wrist branch met strict wrist-center/orientation/SEW tolerances,,,,,,,,,,,,,,,oracle_inconclusive
197,tiago_sew,NUMERICAL_FAILURE,tiago_semi_analytic,c96a32d,median-body-4344-torso015-J1-root-v3,wrist_center,gripper_grasping_frame,,207.83949992619455,no exact or boundary-refined wrist branch met strict wrist-center/orientation/SEW tolerances,,,,,,,,,,,,,,,oracle_inconclusive
198,tiago_sew,NUMERICAL_FAILURE,tiago_semi_analytic,c96a32d,median-body-4344-torso015-J1-root-v3,wrist_center,gripper_grasping_frame,,218.44359999522567,no exact or boundary-refined wrist branch met strict wrist-center/orientation/SEW tolerances,,,,,,,,,,,,,,,oracle_inconclusive
199,tiago_sew,NUMERICAL_FAILURE,tiago_semi_analytic,c96a32d,median-body-4344-torso015-J1-root-v3,wrist_center,gripper_grasping_frame,,247.593600070104,no exact or boundary-refined wrist branch met strict wrist-center/orientation/SEW tolerances,,,,,,,,,,,,,,,oracle_inconclusive
